Date,Close
2016-01-04,92.70349884033203
2016-01-05,92.45924377441406
2016-01-06,90.3526840209961
2016-01-07,88.20797729492188
2016-01-08,86.2922592163086
2016-01-11,87.62792205810547
2016-01-12,88.40642547607422
2016-01-13,87.76528930664062
2016-01-14,88.75750732421875
2016-01-15,85.94115447998047
2016-01-19,87.78820037841797
2016-01-20,85.1092300415039
2016-01-21,84.79627990722656
2016-01-22,88.49800872802734
2016-01-25,86.55939483642578
2016-01-26,87.27684783935547
2016-01-27,88.01717376708984
2016-01-28,88.62776947021484
2016-01-29,91.61205291748047
2016-02-01,91.89443969726562
2016-02-02,90.82591247558594
2016-02-03,87.76528930664062
2016-02-04,87.23104858398438
2016-02-05,84.25438690185547
2016-02-08,83.2927017211914
2016-02-09,81.54484558105469
2016-02-10,81.49143981933594
2016-02-11,80.20154571533203
2016-02-12,80.33895874023438
2016-02-16,82.59050750732422
2016-02-17,82.52944946289062
2016-02-18,82.01045989990234
2016-02-19,80.3770980834961
2016-02-22,81.43038177490234
2016-02-23,80.61371612548828
2016-02-24,79.82757568359375
2016-02-25,80.57554626464844
2016-02-26,80.24736022949219
2016-02-29,79.45358276367188
2016-03-01,81.21669006347656
2016-03-02,81.65937042236328
2016-03-03,82.86528015136719
2016-03-04,83.6132583618164
2016-03-07,82.3615493774414
2016-03-08,80.76637268066406
2016-03-09,81.09456634521484
2016-03-10,81.72805786132812
2016-03-11,83.39191436767578
2016-03-14,83.15531921386719
2016-03-15,81.83490753173828
2016-03-16,82.07913970947266
2016-03-17,82.37680053710938
2016-03-18,81.36170959472656
2016-03-21,81.77384948730469
2016-03-22,82.88819885253906
2016-03-23,82.50656127929688
2016-03-24,81.14798736572266
2016-03-28,82.95687866210938
2016-03-29,84.25946044921875
2016-03-30,83.67620086669922
2016-03-31,82.68080139160156
2016-04-01,80.5189208984375
2016-04-04,78.83917999267578
2016-04-05,76.7861328125
2016-04-06,77.38493347167969
2016-04-07,76.4206314086914
2016-04-08,78.27925109863281
2016-04-11,76.54507446289062
2016-04-12,78.99469757080078
2016-04-13,81.07881927490234
2016-04-14,81.62319946289062
2016-04-15,80.62776947021484
2016-04-18,80.3789291381836
2016-04-19,81.4209976196289
2016-04-20,81.53764343261719
2016-04-21,81.99647521972656
2016-04-22,83.55956268310547
2016-04-25,83.47401428222656
2016-04-26,83.45845031738281
2016-04-27,82.71968841552734
2016-04-28,80.06785583496094
2016-04-29,79.08802795410156
2016-05-02,79.68680572509766
2016-05-03,78.89360046386719
2016-05-04,78.24813079833984
2016-05-05,78.75360107421875
2016-05-06,79.29020690917969
2016-05-09,79.79568481445312
2016-05-10,81.5143051147461
2016-05-11,76.5528564453125
2016-05-12,78.83917999267578
2016-05-13,77.60269927978516
2016-05-16,78.40365600585938
2016-05-17,78.24037170410156
2016-05-18,78.95582580566406
2016-05-19,77.46269989013672
2016-05-20,78.24037170410156
2016-05-23,77.4160385131836
2016-05-24,78.26371002197266
2016-05-25,79.803466796875
2016-05-26,79.53128051757812
2016-05-27,78.22481536865234
2016-05-31,80.41781616210938
2016-06-01,80.35560607910156
2016-06-02,80.73664855957031
2016-06-03,80.48780822753906
2016-06-06,82.07421875
2016-06-07,82.03534698486328
2016-06-08,82.1597900390625
2016-06-09,81.2654800415039
2016-06-10,80.25450134277344
2016-06-13,79.0802230834961
2016-06-14,78.60587310791016
2016-06-15,79.69458770751953
2016-06-16,79.31354522705078
2016-06-17,80.28561401367188
2016-06-20,82.27642059326172
2016-06-21,83.30293273925781
2016-06-22,82.82078552246094
2016-06-23,85.50371551513672
2016-06-24,80.84552764892578
2016-06-27,77.96818542480469
2016-06-28,77.64933776855469
2016-06-29,78.9480209350586
2016-06-30,77.75821685791016
2016-07-01,77.48602294921875
2016-07-05,77.12831115722656
2016-07-06,77.59491729736328
2016-07-07,78.22481536865234
2016-07-08,79.37574005126953
2016-07-11,82.16756439208984
2016-07-12,82.85189056396484
2016-07-13,83.87841033935547
2016-07-14,83.97173309326172
2016-07-15,84.62494659423828
2016-07-18,84.77271270751953
2016-07-19,84.42276000976562
2016-07-20,84.99822998046875
2016-07-21,84.65607452392578
2016-07-22,85.29374694824219
2016-07-25,85.29374694824219
2016-07-26,85.23152923583984
2016-07-27,85.98587036132812
2016-07-28,86.13361358642578
2016-07-29,86.78684997558594
2016-08-01,86.49910736083984
2016-08-02,85.51927185058594
2016-08-03,85.59703826904297
2016-08-04,87.33899688720703
2016-08-05,90.17745208740234
2016-08-08,91.3050537109375
2016-08-09,91.31282043457031
2016-08-10,90.94732666015625
2016-08-11,91.58499908447266
2016-08-12,91.60057067871094
2016-08-15,91.437255859375
2016-08-16,91.2039566040039
2016-08-17,92.69705963134766
2016-08-18,92.494873046875
2016-08-19,93.02367401123047
2016-08-22,93.7702407836914
2016-08-23,93.16366577148438
2016-08-24,94.01908874511719
2016-08-25,93.54472351074219
2016-08-26,92.24602508544922
2016-08-29,93.58360290527344
2016-08-30,94.28348541259766
2016-08-31,93.80912017822266
2016-09-01,94.11241149902344
2016-09-02,94.93672180175781
2016-09-06,93.84022521972656
2016-09-07,93.89466857910156
2016-09-08,94.10462188720703
2016-09-09,92.27713012695312
2016-09-12,93.59137725830078
2016-09-13,92.39376831054688
2016-09-14,91.3361587524414
2016-09-15,91.89606475830078
2016-09-16,89.1431655883789
2016-09-19,89.48533630371094
2016-09-20,90.56626892089844
2016-09-21,92.89149475097656
2016-09-22,93.94133758544922
2016-09-23,91.49946594238281
2016-09-26,91.06396484375
2016-09-27,92.0127182006836
2016-09-28,92.86692810058594
2016-09-29,91.57219696044922
2016-09-30,91.62744140625
2016-10-03,90.99585723876953
2016-10-04,91.0511245727539
2016-10-05,92.42483520507812
2016-10-06,91.92745971679688
2016-10-07,91.49324035644531
2016-10-10,91.91165924072266
2016-10-11,91.0432357788086
2016-10-12,90.90902709960938
2016-10-13,90.54585266113281
2016-10-14,90.86164855957031
2016-10-17,91.13007354736328
2016-10-18,90.83008575439453
2016-10-19,90.70376586914062
2016-10-20,91.69062042236328
2016-10-21,91.0037612915039
2016-10-24,91.14586639404297
2016-10-25,90.98796844482422
2016-10-26,91.18534088134766
2016-10-27,90.67218780517578
2016-10-28,90.64059448242188
2016-10-31,91.31165313720703
2016-11-01,90.57744598388672
2016-11-02,89.51165008544922
2016-11-03,89.34585571289062
2016-11-04,87.2853012084961
2016-11-07,88.80110168457031
2016-11-08,89.85111999511719
2016-11-09,88.27215576171875
2016-11-10,87.52214050292969
2016-11-11,88.38265991210938
2016-11-14,88.24846649169922
2016-11-15,88.80900573730469
2016-11-16,88.87216186523438
2016-11-17,89.4011001586914
2016-11-18,90.0326919555664
2016-11-21,90.40374755859375
2016-11-22,89.82743835449219
2016-11-23,90.40374755859375
2016-11-25,93.00115203857422
2016-11-28,92.88272857666016
2016-11-29,93.3958969116211
2016-11-30,93.57746887207031
2016-12-01,92.97745513916016
2016-12-02,92.23536682128906
2016-12-05,92.81166076660156
2016-12-06,93.0643081665039
2016-12-07,95.89067077636719
2016-12-08,96.95647430419922
2016-12-09,97.0906753540039
2016-12-12,96.20645904541016
2016-12-13,97.1617202758789
2016-12-14,95.57485961914062
2016-12-15,96.30120849609375
2016-12-16,95.52750396728516
2016-12-19,96.19065856933594
2016-12-20,96.05645751953125
2016-12-21,95.61434936523438
2016-12-22,95.25908660888672
2016-12-23,95.44856262207031
2016-12-27,94.25643157958984
2016-12-28,93.49063110351562
2016-12-29,92.40115356445312
2016-12-30,92.52745819091797
2017-01-03,93.5932846069336
2017-01-04,95.67750549316406
2017-01-05,95.08539581298828
2017-01-06,94.84063720703125
2017-01-09,94.53274536132812
2017-01-10,94.54854583740234
2017-01-11,94.66697692871094
2017-01-12,94.45381164550781
2017-01-13,94.58802032470703
2017-01-17,93.48274230957031
2017-01-18,93.78275299072266
2017-01-19,94.19327545166016
2017-01-20,93.8853759765625
2017-01-23,93.38800811767578
2017-01-24,92.87483215332031
2017-01-25,93.99589538574219
2017-01-26,93.9327621459961
2017-01-27,92.12483215332031
2017-01-30,91.6353530883789
2017-01-31,91.3827133178711
2017-02-01,90.99585723876953
2017-02-02,90.41952514648438
2017-02-03,90.8853530883789
2017-02-06,89.45638275146484
2017-02-07,89.24320220947266
2017-02-08,89.42478942871094
2017-02-09,88.3589859008789
2017-02-10,89.12480163574219
2017-02-13,90.10374450683594
2017-02-14,90.37217712402344
2017-02-15,89.6932144165039
2017-02-16,89.48795318603516
2017-02-17,89.76427459716797
2017-02-21,90.23796081542969
2017-02-22,90.31692504882812
2017-02-23,90.46691131591797
2017-02-24,89.81953430175781
2017-02-27,90.19059753417969
2017-02-28,89.33007049560547
2017-03-01,90.58533477783203
2017-03-02,89.51952362060547
2017-03-03,89.48004913330078
2017-03-06,89.14059448242188
2017-03-07,88.93531799316406
2017-03-08,88.26427459716797
2017-03-09,88.57215881347656
2017-03-10,88.94322204589844
2017-03-13,89.52743530273438
2017-03-14,88.49320220947266
2017-03-15,89.4011001586914
2017-03-16,89.4011001586914
2017-03-17,88.58795166015625
2017-03-20,88.42214965820312
2017-03-21,87.94056701660156
2017-03-22,87.49845886230469
2017-03-23,87.24581909179688
2017-03-24,87.9168930053711
2017-03-27,88.20899963378906
2017-03-28,88.74583435058594
2017-03-29,88.59075164794922
2017-03-30,88.4380874633789
2017-03-31,87.2809829711914
2017-04-03,87.20061492919922
2017-04-04,86.79080963134766
2017-04-05,85.28819274902344
2017-04-06,84.77391815185547
2017-04-07,85.10337829589844
2017-04-10,85.15962982177734
2017-04-11,85.49711608886719
2017-04-12,84.72570037841797
2017-04-13,83.71324920654297
2017-04-17,85.27213287353516
2017-04-18,84.62928009033203
2017-04-19,84.0667953491211
2017-04-20,85.17569732666016
2017-04-21,85.64176177978516
2017-04-24,85.97119903564453
2017-04-25,87.36133575439453
2017-04-26,88.31755828857422
2017-04-27,87.91577911376953
2017-04-28,86.8952865600586
2017-05-01,87.02384948730469
2017-05-02,87.77916717529297
2017-05-03,87.48186492919922
2017-05-04,87.71489715576172
2017-05-05,88.31755828857422
2017-05-08,88.54254150390625
2017-05-09,87.15239715576172
2017-05-10,85.02301788330078
2017-05-11,85.85066223144531
2017-05-12,85.54532623291016
2017-05-15,85.50514221191406
2017-05-16,85.91494750976562
2017-05-17,85.0069580078125
2017-05-18,85.79441833496094
2017-05-19,86.42921447753906
2017-05-22,86.38101196289062
2017-05-23,86.8470687866211
2017-05-24,86.23637390136719
2017-05-25,86.2203140258789
2017-05-26,86.05957794189453
2017-05-30,86.68635559082031
2017-05-31,86.41314697265625
2017-06-01,87.10420227050781
2017-06-02,87.88363647460938
2017-06-05,86.58993530273438
2017-06-06,86.6220703125
2017-06-07,86.40510559082031
2017-06-08,84.99890899658203
2017-06-09,84.9667739868164
2017-06-12,85.53727722167969
2017-06-13,86.30867767333984
2017-06-14,85.73816680908203
2017-06-15,84.99890899658203
2017-06-16,84.29180145263672
2017-06-19,84.13107299804688
2017-06-20,83.42396545410156
2017-06-21,84.0185775756836
2017-06-22,84.76588439941406
2017-06-23,84.56499481201172
2017-06-26,84.35607147216797
2017-06-27,84.00251770019531
2017-06-28,84.62125396728516
2017-06-29,83.841796875
2017-06-30,84.38821411132812
2017-07-03,85.1998062133789
2017-07-05,87.20866394042969
2017-07-06,86.34082794189453
2017-07-07,87.16043853759766
2017-07-10,86.95955657958984
2017-07-11,86.95152282714844
2017-07-12,88.285400390625
2017-07-13,88.26129150390625
2017-07-14,88.55056762695312
2017-07-17,88.6550521850586
2017-07-18,88.38986206054688
2017-07-19,88.1488037109375
2017-07-20,88.26129150390625
2017-07-21,87.83541870117188
2017-07-24,87.91577911376953
2017-07-25,88.49434661865234
2017-07-26,89.00859832763672
2017-07-27,89.73178100585938
2017-07-28,90.20588684082031
2017-07-31,90.67193603515625
2017-08-01,91.74063873291016
2017-08-02,91.7567367553711
2017-08-03,90.58355712890625
2017-08-04,91.31475830078125
2017-08-07,91.70849609375
2017-08-08,91.78083801269531
2017-08-09,90.880859375
2017-08-10,90.30229949951172
2017-08-11,90.0933837890625
2017-08-14,90.82461547851562
2017-08-15,91.02548217773438
2017-08-16,90.3103256225586
2017-08-17,89.55500030517578
2017-08-18,89.7800064086914
2017-08-21,90.57551574707031
2017-08-22,90.696044921875
2017-08-23,90.67996215820312
2017-08-24,90.17373657226562
2017-08-25,90.67193603515625
2017-08-28,90.21391296386719
2017-08-29,90.06124877929688
2017-08-30,90.22999572753906
2017-08-31,90.78443145751953
2017-09-01,90.82461547851562
2017-09-05,91.29869079589844
2017-09-06,91.38709259033203
2017-09-07,91.82904052734375
2017-09-08,92.38346862792969
2017-09-11,93.39595794677734
2017-09-12,93.64505004882812
2017-09-13,93.70130157470703
2017-09-14,94.09503936767578
2017-09-15,94.56912231445312
2017-09-18,94.48876953125
2017-09-19,96.47351837158203
2017-09-20,96.7226333618164
2017-09-21,96.46549987792969
2017-09-22,96.9315414428711
2017-09-25,97.20475006103516
2017-09-26,97.49403381347656
2017-09-27,97.6225814819336
2017-09-28,97.54674530029297
2017-09-29,97.1960220336914
2017-10-02,97.31021118164062
2017-10-03,98.15028381347656
2017-10-04,98.66412353515625
2017-10-05,98.5580825805664
2017-10-06,99.39818572998047
2017-10-09,99.23505401611328
2017-10-10,101.20066833496094
2017-10-11,100.77654266357422
2017-10-12,100.47478485107422
2017-10-13,100.62975311279297
2017-10-16,100.66236114501953
2017-10-17,100.5726547241211
2017-10-18,101.34747314453125
2017-10-19,100.37689971923828
2017-10-20,100.89888763427734
2017-10-23,100.1322250366211
2017-10-24,101.03755187988281
2017-10-25,99.7815170288086
2017-10-26,101.0130615234375
2017-10-27,101.32301330566406
2017-10-30,101.45350646972656
2017-10-31,101.13541412353516
2017-11-01,101.48612976074219
2017-11-02,102.203857421875
2017-11-03,102.45670318603516
2017-11-06,102.46485137939453
2017-11-07,103.95741271972656
2017-11-08,104.38154602050781
2017-11-09,102.32621765136719
2017-11-10,101.53506469726562
2017-11-13,102.49748229980469
2017-11-14,101.84500122070312
2017-11-15,100.85812377929688
2017-11-16,101.43720245361328
2017-11-17,100.55633544921875
2017-11-20,101.3719482421875
2017-11-21,102.58720397949219
2017-11-22,102.83187866210938
2017-11-24,102.80741882324219
2017-11-27,102.75032043457031
2017-11-28,103.54962158203125
2017-11-29,103.21522521972656
2017-11-30,103.04395294189453
2017-12-01,101.42903137207031
2017-12-04,101.07015991210938
2017-12-05,100.8744125366211
2017-12-06,100.29534912109375
2017-12-07,100.63790130615234
2017-12-08,101.50244140625
2017-12-11,101.07833099365234
2017-12-12,101.33932495117188
2017-12-13,101.88578033447266
2017-12-14,101.95101165771484
2017-12-15,101.41272735595703
2017-12-18,103.84323120117188
2017-12-19,103.59040069580078
2017-12-20,104.09607696533203
2017-12-21,104.62622833251953
2017-12-22,104.65884399414062
2017-12-26,104.38154602050781
2017-12-27,104.58544158935547
2017-12-28,104.61807250976562
2017-12-29,103.72089385986328
2018-01-02,104.6996078491211
2018-01-03,106.13508605957031
2018-01-04,107.79077911376953
2018-01-05,109.17731475830078
2018-01-08,109.91952514648438
2018-01-09,109.06314086914062
2018-01-10,111.24895477294922
2018-01-11,111.6649398803711
2018-01-12,111.90144348144531
2018-01-16,112.52946472167969
2018-01-17,114.77239227294922
2018-01-18,113.0677719116211
2018-01-19,114.06280517578125
2018-01-22,113.69580078125
2018-01-23,113.59791564941406
2018-01-24,113.39399719238281
2018-01-25,112.70075225830078
2018-01-26,113.82628631591797
2018-01-29,113.80181884765625
2018-01-30,113.8752212524414
2018-01-31,112.48869323730469
2018-02-01,113.20643615722656
2018-02-02,111.42838287353516
2018-02-05,107.60316467285156
2018-02-06,113.17379760742188
2018-02-07,111.64045715332031
2018-02-08,109.6422119140625
2018-02-09,111.38761138916016
2018-02-12,113.17379760742188
2018-02-13,110.13973999023438
2018-02-14,110.49044799804688
2018-02-15,110.3354721069336
2018-02-16,111.08583068847656
2018-02-20,110.80039978027344
2018-02-21,109.9439926147461
2018-02-22,110.2947006225586
2018-02-23,111.76277923583984
2018-02-26,112.9046401977539
2018-02-27,110.94717407226562
2018-02-28,109.78086853027344
2018-03-01,106.34716033935547
2018-03-02,106.51026916503906
2018-03-05,106.828369140625
2018-03-06,107.12198638916016
2018-03-07,105.88227081298828
2018-03-08,105.67021179199219
2018-03-09,105.78437805175781
2018-03-12,106.30636596679688
2018-03-13,106.02906799316406
2018-03-14,106.02906799316406
2018-03-15,106.34716033935547
2018-03-16,105.95565795898438
2018-03-19,104.26734924316406
2018-03-20,105.41736602783203
2018-03-21,105.44182586669922
2018-03-22,103.59855651855469
2018-03-23,101.54322052001953
2018-03-26,103.83509063720703
2018-03-27,104.43047332763672
2018-03-28,107.35050964355469
2018-03-29,108.1802978515625
2018-04-02,105.04370880126953
2018-04-03,106.50414276123047
2018-04-04,106.01455688476562
2018-04-05,105.71583557128906
2018-04-06,104.03136444091797
2018-04-09,104.6951904296875
2018-04-10,106.42943572998047
2018-04-11,106.0560531616211
2018-04-12,106.73648071289062
2018-04-13,106.65349578857422
2018-04-16,106.8941421508789
2018-04-17,107.32563018798828
2018-04-18,107.10157775878906
2018-04-19,106.62030792236328
2018-04-20,107.23434448242188
2018-04-23,107.10157775878906
2018-04-24,107.43350219726562
2018-04-25,108.78607940673828
2018-04-26,109.20925903320312
2018-04-27,108.71138000488281
2018-04-30,108.68649291992188
2018-05-01,108.67820739746094
2018-05-02,108.02265930175781
2018-05-03,107.96459197998047
2018-05-04,108.96863555908203
2018-05-07,109.12628173828125
2018-05-08,108.62012481689453
2018-05-09,113.09269714355469
2018-05-10,114.83528137207031
2018-05-11,114.56974029541016
2018-05-14,114.6278076171875
2018-05-15,113.03461456298828
2018-05-16,113.9722900390625
2018-05-17,113.40802001953125
2018-05-18,112.88525390625
2018-05-21,113.22544860839844
2018-05-22,112.63631439208984
2018-05-23,111.8812026977539
2018-05-24,109.89799499511719
2018-05-25,107.8401107788086
2018-05-29,105.13496398925781
2018-05-30,105.57476806640625
2018-05-31,106.18881225585938
2018-06-01,108.96031951904297
2018-06-04,111.42479705810547
2018-06-05,110.74439239501953
2018-06-06,112.99311828613281
2018-06-07,113.22544860839844
2018-06-08,113.02632141113281
2018-06-11,113.80632781982422
2018-06-12,111.64887237548828
2018-06-13,112.36248016357422
2018-06-14,112.38738250732422
2018-06-15,112.69441223144531
2018-06-18,113.28356170654297
2018-06-19,112.97653198242188
2018-06-20,111.49949645996094
2018-06-21,110.08057403564453
2018-06-22,108.70309448242188
2018-06-25,106.68669891357422
2018-06-26,107.21775817871094
2018-06-27,105.47518157958984
2018-06-28,107.11817932128906
2018-06-29,106.8858413696289
2018-07-02,106.1556167602539
2018-07-03,105.71583557128906
2018-07-05,107.10157775878906
2018-07-06,107.50819396972656
2018-07-09,108.45413970947266
2018-07-10,107.2675552368164
2018-07-11,106.26348876953125
2018-07-12,107.19286346435547
2018-07-13,107.46669006347656
2018-07-16,107.46669006347656
2018-07-17,109.07649993896484
2018-07-18,109.6075439453125
2018-07-19,109.34203338623047
2018-07-20,109.3669204711914
2018-07-23,109.30883026123047
2018-07-24,110.01416778564453
2018-07-25,109.7071533203125
2018-07-26,110.63651275634766
2018-07-27,111.57418060302734
2018-07-30,112.00568389892578
2018-07-31,109.4001235961914
2018-08-01,109.22587585449219
2018-08-02,108.74458312988281
2018-08-03,108.95204162597656
2018-08-06,106.58711242675781
2018-08-07,106.64521026611328
2018-08-08,105.45858001708984
2018-08-09,104.09773254394531
2018-08-10,103.08538055419922
2018-08-13,102.47962188720703
2018-08-14,102.43814086914062
2018-08-15,101.11045837402344
2018-08-16,101.86559295654297
2018-08-17,102.29707336425781
2018-08-20,102.28875732421875
2018-08-21,101.70791625976562
2018-08-22,102.67877960205078
2018-08-23,101.45068359375
2018-08-24,101.93196105957031
2018-08-27,104.9441146850586
2018-08-28,104.61219024658203
2018-08-29,105.78221130371094
2018-08-30,103.94005584716797
2018-08-31,102.96092224121094
2018-09-04,101.24324798583984
2018-09-05,99.9653549194336
2018-09-06,99.7330093383789
2018-09-07,98.9945068359375
2018-09-10,98.89491271972656
2018-09-11,99.50895690917969
2018-09-12,99.50066375732422
2018-09-13,101.20174407958984
2018-09-14,101.46726989746094
2018-09-17,101.63323974609375
2018-09-18,103.74922943115234
2018-09-19,103.98985290527344
2018-09-20,103.6828384399414
2018-09-21,103.49198150634766
2018-09-24,102.89451599121094
2018-09-25,103.62474060058594
2018-09-26,103.84049987792969
2018-09-27,104.87400817871094
2018-09-28,104.65518188476562
2018-10-01,105.05074310302734
2018-10-02,105.7997817993164
2018-10-03,103.26651763916016
2018-10-04,102.82887268066406
2018-10-05,102.2565689086914
2018-10-08,102.44172668457031
2018-10-09,100.92680358886719
2018-10-10,99.12574768066406
2018-10-11,98.25888061523438
2018-10-12,98.26730346679688
2018-10-15,97.31627655029297
2018-10-16,99.34457397460938
2018-10-17,99.08367156982422
2018-10-18,98.19154357910156
2018-10-19,97.89698791503906
2018-10-22,98.55345916748047
2018-10-23,99.28565979003906
2018-10-24,96.42414855957031
2018-10-25,98.18313598632812
2018-10-26,98.72177124023438
2018-10-29,97.04695892333984
2018-10-30,97.82965087890625
2018-10-31,98.5113754272461
2018-11-01,99.05842590332031
2018-11-02,97.17321014404297
2018-11-05,97.13111877441406
2018-11-06,98.95742797851562
2018-11-07,100.41343688964844
2018-11-08,98.71336364746094
2018-11-09,98.67127227783203
2018-11-12,97.26577758789062
2018-11-13,96.8786392211914
2018-11-14,98.36829376220703
2018-11-15,98.46929168701172
2018-11-16,98.43562316894531
2018-11-19,98.58711242675781
2018-11-20,98.71336364746094
2018-11-21,100.36290740966797
2018-11-23,100.75007629394531
2018-11-26,102.06299591064453
2018-11-27,101.83576202392578
2018-11-28,102.32390594482422
2018-11-29,102.49222564697266
2018-11-30,102.23973846435547
2018-12-03,103.9482192993164
2018-12-04,101.7347640991211
2018-12-06,102.5343017578125
2018-12-07,100.9688949584961
2018-12-10,101.78526306152344
2018-12-11,101.33920288085938
2018-12-12,102.58480072021484
2018-12-13,101.6506118774414
2018-12-14,101.07830047607422
2018-12-17,100.61541748046875
2018-12-18,101.0025634765625
2018-12-19,100.47233581542969
2018-12-20,99.68963623046875
2018-12-21,95.9107666015625
2018-12-24,94.10128784179688
2018-12-26,95.70878601074219
2018-12-27,97.1900405883789
2018-12-28,97.913818359375
2018-12-31,97.69500732421875
2019-01-02,97.86331939697266
2019-01-03,96.49148559570312
2019-01-04,100.76690673828125
2019-01-07,102.0714111328125
2019-01-08,102.93827819824219
2019-01-09,103.45166778564453
2019-01-10,104.77301788330078
2019-01-11,105.26113891601562
2019-01-14,105.53045654296875
2019-01-15,106.27950286865234
2019-01-16,105.75769805908203
2019-01-17,105.13489532470703
2019-01-18,105.49679565429688
2019-01-22,104.02395629882812
2019-01-23,103.07295227050781
2019-01-24,103.37591552734375
2019-01-25,104.12496185302734
2019-01-28,103.08135986328125
2019-01-29,102.90459442138672
2019-01-30,103.55265808105469
2019-01-31,103.66207885742188
2019-02-01,102.67737579345703
2019-02-04,103.43484497070312
2019-02-05,103.91456604003906
2019-02-06,101.87784576416016
2019-02-07,99.40348815917969
2019-02-08,98.7302017211914
2019-02-11,98.59552764892578
2019-02-12,100.8089828491211
2019-02-13,100.68273162841797
2019-02-14,100.36290740966797
2019-02-15,101.9620132446289
2019-02-19,102.2481460571289
2019-02-20,103.3422622680664
2019-02-21,102.0377426147461
2019-02-22,102.52588653564453
2019-02-25,103.02245330810547
2019-02-26,103.71257019042969
2019-02-27,102.94670104980469
2019-02-28,101.86943817138672
2019-03-01,101.28028869628906
2019-03-04,99.66438293457031
2019-03-05,99.52973937988281
2019-03-06,99.2940673828125
2019-03-07,98.67127227783203
2019-03-08,99.06684875488281
2019-03-11,100.26193237304688
2019-03-12,99.9505386352539
2019-03-13,100.41343688964844
2019-03-14,99.05842590332031
2019-03-15,100.12728118896484
2019-03-18,100.58175659179688
2019-03-19,100.76690673828125
2019-03-20,100.71640014648438
2019-03-21,101.36444854736328
2019-03-22,101.17930603027344
2019-03-25,101.40653991699219
2019-03-26,102.48380279541016
2019-03-27,101.86101531982422
2019-03-28,100.21143341064453
2019-03-29,99.32772827148438
2019-04-01,100.89314270019531
2019-04-02,101.54119873046875
2019-04-03,101.89468383789062
2019-04-04,102.74469757080078
2019-04-05,103.13185119628906
2019-04-08,102.87935638427734
2019-04-09,102.72787475585938
2019-04-10,102.82887268066406
2019-04-11,101.86943817138672
2019-04-12,103.01402282714844
2019-04-15,102.65213775634766
2019-04-16,102.46695709228516
2019-04-17,104.42794799804688
2019-04-18,105.33689880371094
2019-04-22,104.49527740478516
2019-04-23,105.1517333984375
2019-04-24,103.41800689697266
2019-04-25,103.67890167236328
2019-04-26,104.0407943725586
2019-04-29,104.2007064819336
2019-04-30,104.02395629882812
2019-05-01,103.45166778564453
2019-05-02,103.17393493652344
2019-05-03,104.06604766845703
2019-05-06,103.50216674804688
2019-05-07,103.09819030761719
2019-05-08,102.47540283203125
2019-05-09,100.4218521118164
2019-05-10,100.37975311279297
2019-05-13,99.52973937988281
2019-05-14,100.21143341064453
2019-05-15,101.53279113769531
2019-05-16,100.90998077392578
2019-05-17,99.64755249023438
2019-05-20,99.40348815917969
2019-05-21,99.52132415771484
2019-05-22,98.73860931396484
2019-05-23,98.86485290527344
2019-05-24,99.77379608154297
2019-05-28,100.48917388916016
2019-05-29,100.61541748046875
2019-05-30,100.78373718261719
2019-05-31,98.95742797851562
2019-06-03,99.42032623291016
2019-06-04,100.60699462890625
2019-06-05,101.17930603027344
2019-06-06,102.08824157714844
2019-06-07,103.005615234375
2019-06-10,103.9313735961914
2019-06-11,105.19381713867188
2019-06-12,105.7745361328125
2019-06-13,105.0254898071289
2019-06-14,104.68885040283203
2019-06-17,104.50369262695312
2019-06-18,105.51364135742188
2019-06-19,105.37895965576172
2019-06-20,105.87552642822266
2019-06-21,105.05915069580078
2019-06-24,105.0254898071289
2019-06-25,104.30168914794922
2019-06-26,103.76306915283203
2019-06-27,104.08287811279297
2019-06-28,104.35220336914062
2019-07-01,105.86710357666016
2019-07-02,106.88546752929688
2019-07-03,106.74239349365234
2019-07-05,106.52356719970703
2019-07-08,106.77605438232422
2019-07-09,106.80130767822266
2019-07-10,107.20526885986328
2019-07-11,106.6750717163086
2019-07-12,107.48301696777344
2019-07-15,107.41569519042969
2019-07-16,108.24046325683594
2019-07-17,108.8716812133789
2019-07-18,109.25040435791016
2019-07-19,109.55339050292969
2019-07-22,110.36976623535156
2019-07-23,110.88316345214844
2019-07-24,111.9351806640625
2019-07-25,111.51435852050781
2019-07-26,111.05147552490234
2019-07-29,110.8663101196289
2019-07-30,110.3613510131836
2019-07-31,108.61079406738281
2019-08-01,109.09050750732422
2019-08-02,108.52661895751953
2019-08-05,107.97957611083984
2019-08-06,106.92754364013672
2019-08-07,107.9122314453125
2019-08-08,108.86327362060547
2019-08-09,108.55187225341797
2019-08-12,107.92064666748047
2019-08-13,108.92218780517578
2019-08-14,106.44783020019531
2019-08-15,107.1884536743164
2019-08-16,108.39196014404297
2019-08-19,109.10734558105469
2019-08-20,108.59395599365234
2019-08-21,109.30931854248047
2019-08-22,109.1157455444336
2019-08-23,107.5840072631836
2019-08-26,110.06678771972656
2019-08-27,109.79747009277344
2019-08-28,109.65436553955078
2019-08-29,109.83112335205078
2019-08-30,109.9405517578125
2019-09-03,110.73168182373047
2019-09-04,111.17772674560547
2019-09-05,110.39501190185547
2019-09-06,111.1356430053711
2019-09-09,111.79209899902344
2019-09-10,112.45697021484375
2019-09-11,114.08129119873047
2019-09-12,114.28327941894531
2019-09-13,115.01549530029297
2019-09-16,114.4095458984375
2019-09-17,115.99179077148438
2019-09-18,115.34374237060547
2019-09-19,114.92292022705078
2019-09-20,114.93132781982422
2019-09-23,114.77142333984375
2019-09-24,115.64671325683594
2019-09-25,114.98181915283203
2019-09-26,116.41258239746094
2019-09-27,116.23348999023438
2019-09-30,114.70677947998047
2019-10-01,113.68328857421875
2019-10-02,112.1310043334961
2019-10-03,111.9007339477539
2019-10-04,112.42955780029297
2019-10-07,111.85807037353516
2019-10-08,112.09688568115234
2019-10-09,113.4444808959961
2019-10-10,113.13743591308594
2019-10-11,115.52556610107422
2019-10-14,115.20148468017578
2019-10-15,116.73667907714844
2019-10-16,116.64286804199219
2019-10-17,115.95201110839844
2019-10-18,115.79847717285156
2019-10-21,116.2676010131836
2019-10-22,116.29317474365234
2019-10-23,117.1204833984375
2019-10-24,117.82840728759766
2019-10-25,117.93928527832031
2019-10-28,117.99044799804688
2019-10-29,118.2804183959961
2019-10-30,118.5704345703125
2019-10-31,118.1695785522461
2019-11-01,119.26126861572266
2019-11-04,119.8838882446289
2019-11-05,120.03740692138672
2019-11-06,119.72183227539062
2019-11-07,121.84557342529297
2019-11-08,123.15049743652344
2019-11-11,123.7219467163086
2019-11-12,123.27845764160156
2019-11-13,123.29551696777344
2019-11-14,122.70701599121094
2019-11-15,123.04817199707031
2019-11-18,122.47673034667969
2019-11-19,121.83702850341797
2019-11-20,120.57474517822266
2019-11-21,121.23148345947266
2019-11-22,121.56410217285156
2019-11-25,121.57263946533203
2019-11-26,121.08648681640625
2019-11-27,120.82209014892578
2019-11-29,119.58538818359375
2019-12-02,119.63655090332031
2019-12-03,120.02888488769531
2019-12-04,122.28909301757812
2019-12-05,121.81996154785156
2019-12-06,121.7688217163086
2019-12-09,121.01826477050781
2019-12-10,120.41268157958984
2019-12-11,120.78794860839844
2019-12-12,120.77092742919922
2019-12-13,121.19737243652344
2019-12-16,121.56410217285156
2019-12-17,121.7688217163086
2019-12-18,121.44471740722656
2019-12-19,121.76026916503906
2019-12-20,121.08648681640625
2019-12-23,121.07796478271484
2019-12-24,120.54915618896484
2019-12-26,120.71121215820312
2019-12-27,120.49797058105469
2019-12-30,119.92656707763672
2019-12-31,119.8668212890625
2020-01-02,121.31678771972656
2020-01-03,120.04594421386719
2020-01-06,120.06302642822266
2020-01-07,120.69414520263672
2020-01-08,120.3956527709961
2020-01-09,119.84126281738281
2020-01-10,119.17598724365234
2020-01-13,119.8838882446289
2020-01-14,119.72183227539062
2020-01-15,118.86041259765625
2020-01-16,119.49156188964844
2020-01-17,119.44037628173828
2020-01-21,121.43616485595703
2020-01-22,120.73680114746094
2020-01-23,122.0161361694336
2020-01-24,121.76026916503906
2020-01-27,120.31033325195312
2020-01-28,121.60674285888672
2020-01-29,120.728271484375
2020-01-30,120.32738494873047
2020-01-31,118.41690826416016
2020-02-03,118.48513793945312
2020-02-04,120.2165298461914
2020-02-05,120.87326049804688
2020-02-06,122.68992614746094
2020-02-07,121.40205383300781
2020-02-10,120.49797058105469
2020-02-11,121.20589447021484
2020-02-12,121.47881317138672
2020-02-13,120.344482421875
2020-02-14,119.53421020507812
2020-02-18,118.8774642944336
2020-02-19,117.56400299072266
2020-02-20,118.64717864990234
2020-02-21,118.58747100830078
2020-02-24,114.70677947998047
2020-02-25,114.3144302368164
2020-02-26,115.25262451171875
2020-02-27,112.07130432128906
2020-02-28,111.51691436767578
2020-03-02,113.18862915039062
2020-03-03,111.6875
2020-03-04,112.45511627197266
2020-03-05,110.1949234008789
2020-03-06,108.41236114501953
2020-03-09,104.72782135009766
2020-03-10,108.31002044677734
2020-03-11,104.72782135009766
2020-03-12,95.69559478759766
2020-03-13,99.13278198242188
2020-03-16,92.53987121582031
2020-03-17,101.40150451660156
2020-03-18,98.99633026123047
2020-03-19,100.83858489990234
2020-03-20,99.3289566040039
2020-03-23,94.75740814208984
2020-03-24,99.23513793945312
2020-03-25,103.448486328125
2020-03-26,107.75562286376953
2020-03-27,108.52322387695312
2020-03-30,108.7011947631836
2020-03-31,104.12641143798828
2020-04-01,101.3138198852539
2020-04-02,102.27738952636719
2020-04-03,99.82941436767578
2020-04-06,106.26188659667969
2020-04-07,105.81916046142578
2020-04-08,107.2428207397461
2020-04-09,107.1299819946289
2020-04-13,105.26358795166016
2020-04-14,108.19771575927734
2020-04-15,106.765380859375
2020-04-16,105.75840759277344
2020-04-17,108.17166900634766
2020-04-20,105.65423583984375
2020-04-21,104.75143432617188
2020-04-22,105.4111557006836
2020-04-23,105.62818145751953
2020-04-24,106.39209747314453
2020-04-27,107.81574249267578
2020-04-28,108.93558502197266
2020-04-29,110.99293518066406
2020-04-30,107.28622436523438
2020-05-01,105.1420669555664
2020-05-04,104.77745819091797
2020-05-05,105.87126159667969
2020-05-06,105.54137420654297
2020-05-07,105.48929595947266
2020-05-08,106.8608627319336
2020-05-11,107.31227111816406
2020-05-12,104.31739044189453
2020-05-13,102.2253189086914
2020-05-14,101.52215576171875
2020-05-15,101.47008514404297
2020-05-18,103.709716796875
2020-05-19,102.62462615966797
2020-05-20,104.01356506347656
2020-05-21,102.39024353027344
2020-05-22,102.05169677734375
2020-05-26,107.73762512207031
2020-05-27,110.0814437866211
2020-05-28,111.42697143554688
2020-05-29,109.3869857788086
2020-06-01,109.76893615722656
2020-06-02,109.79497528076172
2020-06-03,111.74815368652344
2020-06-04,111.25335693359375
2020-06-05,113.8055191040039
2020-06-08,114.6475601196289
2020-06-09,113.36280059814453
2020-06-10,113.72738647460938
2020-06-11,108.02408599853516
2020-06-12,110.95820617675781
2020-06-15,110.59362030029297
2020-06-16,112.50338745117188
2020-06-17,111.87838745117188
2020-06-18,112.08670806884766
2020-06-19,110.93216705322266
2020-06-22,111.22731018066406
2020-06-23,112.0606689453125
2020-06-24,110.94084930419922
2020-06-25,110.914794921875
2020-06-26,109.51720428466797
2020-06-29,110.15089416503906
2020-06-30,109.05709838867188
2020-07-01,107.76366424560547
2020-07-02,109.71686553955078
2020-07-06,110.2290267944336
2020-07-07,108.47549438476562
2020-07-08,108.86614227294922
2020-07-09,107.49456024169922
2020-07-10,108.48416900634766
2020-07-13,108.55362701416016
2020-07-14,109.7515640258789
2020-07-15,110.53284454345703
2020-07-16,109.80366516113281
2020-07-17,110.2984619140625
2020-07-20,110.48944091796875
2020-07-21,109.6126708984375
2020-07-22,109.60399627685547
2020-07-23,109.25676727294922
2020-07-24,108.69251251220703
2020-07-27,110.74118041992188
2020-07-28,108.90953063964844
2020-07-29,107.6334457397461
2020-07-30,106.30529022216797
2020-07-31,103.59686279296875
2020-08-03,104.98580169677734
2020-08-04,106.69593048095703
2020-08-05,108.35396575927734
2020-08-06,111.40960693359375
2020-08-07,112.81591033935547
2020-08-10,113.3454360961914
2020-08-11,116.10592651367188
2020-08-12,118.44107818603516
2020-08-13,117.7466049194336
2020-08-14,116.51392364501953
2020-08-17,117.65111541748047
2020-08-18,118.12857055664062
2020-08-19,117.37334442138672
2020-08-20,116.40109252929688
2020-08-21,116.17536163330078
2020-08-24,116.9826889038086
2020-08-25,117.00874328613281
2020-08-26,117.0955581665039
2020-08-27,115.94100189208984
2020-08-28,116.25350952148438
2020-08-31,114.9600601196289
2020-09-01,114.84722137451172
2020-09-02,115.03819274902344
2020-09-03,112.80721282958984
2020-09-04,115.60245513916016
2020-09-08,113.91836547851562
2020-09-09,113.83155822753906
2020-09-10,113.00686645507812
2020-09-11,114.01384735107422
2020-09-14,116.123291015625
2020-09-15,116.34898376464844
2020-09-16,116.34898376464844
2020-09-17,117.19105529785156
2020-09-18,116.53998565673828
2020-09-21,113.9096908569336
2020-09-22,114.80382537841797
2020-09-23,115.70660400390625
2020-09-24,114.45658874511719
2020-09-25,115.42884063720703
2020-09-28,118.06780242919922
2020-09-29,118.29249572753906
2020-09-30,116.6976318359375
2020-10-01,116.6888198852539
2020-10-02,116.07202911376953
2020-10-05,116.39806365966797
2020-10-06,115.65789031982422
2020-10-07,116.6888198852539
2020-10-08,117.14700317382812
2020-10-09,116.38041687011719
2020-10-12,116.13369750976562
2020-10-13,116.8826675415039
2020-10-14,115.89579772949219
2020-10-15,115.57858276367188
2020-10-16,115.1115951538086
2020-10-19,115.32306671142578
2020-10-20,115.70195007324219
2020-10-21,117.31442260742188
2020-10-22,117.56114196777344
2020-10-23,117.43777465820312
2020-10-26,117.05889892578125
2020-10-27,116.71527862548828
2020-10-28,114.6093521118164
2020-10-29,115.7372055053711
2020-10-30,115.68431091308594
2020-11-02,117.40254211425781
2020-11-03,119.71992492675781
2020-11-04,118.21320343017578
2020-11-05,120.77730560302734
2020-11-06,120.89183807373047
2020-11-09,123.04183197021484
2020-11-10,123.30615997314453
2020-11-11,125.54421997070312
2020-11-12,123.08588409423828
2020-11-13,124.78646087646484
2020-11-16,126.98048400878906
2020-11-17,125.77333068847656
2020-11-18,124.97149658203125
2020-11-19,124.16964721679688
2020-11-20,125.23585510253906
2020-11-23,126.23152160644531
2020-11-24,126.7425765991211
2020-11-25,124.51329040527344
2020-11-27,123.5
2020-11-30,118.47755432128906
2020-12-01,119.95782470703125
2020-12-02,120.1340560913086
2020-12-03,120.58345794677734
2020-12-04,121.8434829711914
2020-12-07,121.72891235351562
2020-12-08,122.2488021850586
2020-12-09,124.13442993164062
2020-12-10,126.06410217285156
2020-12-11,133.05152893066406
2020-12-14,135.32485961914062
2020-12-15,134.68161010742188
2020-12-16,136.6553497314453
2020-12-17,136.25885009765625
2020-12-18,135.4922637939453
2020-12-21,133.73001098632812
2020-12-22,132.848876953125
2020-12-23,133.19248962402344
2020-12-24,132.58453369140625
2020-12-28,134.46133422851562
2020-12-29,135.1133575439453
2020-12-30,135.7742156982422
2020-12-31,136.19717407226562
2021-01-04,135.06932067871094
2021-01-05,135.16624450683594
2021-01-06,135.28077697753906
2021-01-07,134.52301025390625
2021-01-08,134.68161010742188
2021-01-11,135.15740966796875
2021-01-12,133.71234130859375
2021-01-13,132.7431182861328
2021-01-14,133.35108947753906
2021-01-15,130.76939392089844
2021-01-19,130.5226593017578
2021-01-20,132.15274047851562
2021-01-21,133.35108947753906
2021-01-22,130.36404418945312
2021-01-25,129.28025817871094
2021-01-26,128.6282196044922
2021-01-27,125.68522644042969
2021-01-28,126.26676177978516
2021-01-29,123.81719970703125
2021-02-01,123.72028350830078
2021-02-02,126.1081771850586
2021-02-03,130.46978759765625
2021-02-04,130.4257354736328
2021-02-05,132.9281463623047
2021-02-08,134.75210571289062
2021-02-09,135.69493103027344
2021-02-10,142.3563232421875
2021-02-11,140.04771423339844
2021-02-12,141.41348266601562
2021-02-16,137.880126953125
2021-02-17,137.9241943359375
2021-02-18,135.21031188964844
2021-02-19,135.2984161376953
2021-02-22,134.32034301757812
2021-02-23,134.5758514404297
2021-02-24,134.32916259765625
2021-02-25,131.518310546875
2021-02-26,130.346435546875
2021-03-01,131.5888214111328
2021-03-02,131.4742889404297
2021-03-03,131.13943481445312
2021-03-04,129.39480590820312
2021-03-05,130.86630249023438
2021-03-08,130.61077880859375
2021-03-09,133.52732849121094
2021-03-10,133.82691955566406
2021-03-11,132.4875946044922
2021-03-12,132.63739013671875
2021-03-15,134.72567749023438
2021-03-16,134.02078247070312
2021-03-17,135.37771606445312
2021-03-18,138.96392822265625
2021-03-19,139.73052978515625
2021-03-22,136.1178741455078
2021-03-23,133.35108947753906
2021-03-24,132.7607421875
2021-03-25,133.1132049560547
2021-03-26,135.1398162841797
2021-03-29,136.48794555664062
2021-03-30,137.75926208496094
2021-03-31,139.71995544433594
2021-04-01,138.01890563964844
2021-04-05,139.11117553710938
2021-04-06,137.5623016357422
2021-04-07,138.50233459472656
2021-04-08,137.32057189941406
2021-04-09,138.12635803222656
2021-04-12,137.9562225341797
2021-04-13,139.46034240722656
2021-04-14,139.86318969726562
2021-04-15,140.8390655517578
2021-04-16,141.0718536376953
2021-04-19,140.03334045410156
2021-04-20,137.96519470214844
2021-04-21,138.89630126953125
2021-04-22,138.57398986816406
2021-04-23,138.76197814941406
2021-04-26,137.4637908935547
2021-04-27,136.81024169921875
2021-04-28,137.213134765625
2021-04-29,136.47003173828125
2021-04-30,134.98387145996094
2021-05-03,136.2909698486328
2021-05-04,134.82269287109375
2021-05-05,135.5657958984375
2021-05-06,136.9445343017578
2021-05-07,137.5623016357422
2021-05-10,138.82464599609375
2021-05-11,136.29991149902344
2021-05-12,137.44590759277344
2021-05-13,138.9768524169922
2021-05-14,139.53195190429688
2021-05-17,142.0656280517578
2021-05-18,143.83831787109375
2021-05-19,142.61175537109375
2021-05-20,143.4443817138672
2021-05-21,144.28598022460938
2021-05-24,145.736328125
2021-05-25,145.25289916992188
2021-05-26,146.84652709960938
2021-05-27,148.21632385253906
2021-05-28,148.60128784179688
2021-06-01,154.2953643798828
2021-06-02,158.13623046875
2021-06-03,160.85791015625
2021-06-04,163.31103515625
2021-06-07,161.86961364746094
2021-06-08,160.80419921875
2021-06-09,161.63682556152344
2021-06-10,161.31451416015625
2021-06-11,162.4694366455078
2021-06-14,161.68157958984375
2021-06-15,163.34681701660156
2021-06-16,164.59129333496094
2021-06-17,165.8088836669922
2021-06-18,158.49435424804688
2021-06-21,160.15061950683594
2021-06-22,160.60720825195312
2021-06-23,159.1031494140625
2021-06-24,159.0673065185547
2021-06-25,159.45228576660156
2021-06-28,158.53013610839844
2021-06-29,158.22573852539062
2021-06-30,156.53363037109375
2021-07-01,157.1066131591797
2021-07-02,157.5990447998047
2021-07-06,156.6142120361328
2021-07-07,157.25881958007812
2021-07-08,155.9875030517578
2021-07-09,159.1747589111328
2021-07-12,160.16851806640625
2021-07-13,160.41921997070312
2021-07-14,161.15338134765625
2021-07-15,160.1953887939453
2021-07-16,159.47915649414062
2021-07-19,157.8407745361328
2021-07-20,159.47019958496094
2021-07-21,160.8668670654297
2021-07-22,159.35382080078125
2021-07-23,161.01907348632812
2021-07-26,160.70570373535156
2021-07-27,159.7567138671875
2021-07-28,161.0369415283203
2021-07-29,162.42466735839844
2021-07-30,161.01011657714844
2021-08-02,162.8365020751953
2021-08-03,166.48036193847656
2021-08-04,163.10511779785156
2021-08-05,163.7139129638672
2021-08-06,161.79798889160156
2021-08-09,161.66366577148438
2021-08-10,161.06382751464844
2021-08-11,162.3888702392578
2021-08-12,161.99496459960938
2021-08-13,162.35304260253906
2021-08-16,161.69053649902344
2021-08-17,159.5149688720703
2021-08-18,157.33045959472656
2021-08-19,150.90223693847656
2021-08-20,147.4195098876953
2021-08-23,151.0723114013672
2021-08-24,153.11358642578125
2021-08-25,155.55775451660156
2021-08-26,153.62391662597656
2021-08-27,155.67416381835938
2021-08-30,154.7609405517578
2021-08-31,155.9875030517578
2021-09-01,157.7601776123047
2021-09-02,157.78704833984375
2021-09-03,160.49978637695312
2021-09-07,162.6216583251953
2021-09-08,161.15338134765625
2021-09-09,161.21603393554688
2021-09-10,157.8407745361328
2021-09-13,159.7746124267578
2021-09-14,160.60720825195312
2021-09-15,162.68431091308594
2021-09-16,162.89022827148438
2021-09-17,162.00389099121094
2021-09-20,158.2078399658203
2021-09-21,162.8544158935547
2021-09-22,162.576904296875
2021-09-23,163.65122985839844
2021-09-24,163.45425415039062
2021-09-27,166.99069213867188
2021-09-28,165.49554443359375
2021-09-29,167.9387664794922
2021-09-30,160.96585083007812
2021-10-01,160.84814453125
2021-10-04,155.58676147460938
2021-10-05,155.88558959960938
2021-10-06,151.20376586914062
2021-10-07,153.46771240234375
2021-10-08,155.7316436767578
2021-10-11,158.61135864257812
2021-10-12,160.4044189453125
2021-10-13,159.17283630371094
2021-10-14,158.9373779296875
2021-10-15,159.6256103515625
2021-10-18,161.69033813476562
2021-10-19,161.7989959716797
2021-10-20,160.96585083007812
2021-10-21,157.58807373046875
2021-10-22,157.026611328125
2021-10-25,155.9670867919922
2021-10-26,156.84548950195312
2021-10-27,157.65145874023438
2021-10-28,159.8157958984375
2021-10-29,159.89727783203125
2021-11-01,162.9852752685547
2021-11-02,162.65023803710938
2021-11-03,163.9723663330078
2021-11-04,164.34365844726562
2021-11-05,162.3513946533203
2021-11-08,163.43807983398438
2021-11-09,159.6708984375
2021-11-10,160.61270141601562
2021-11-11,162.12498474121094
2021-11-12,166.98793029785156
2021-11-15,166.9788818359375
2021-11-16,169.7318115234375
2021-11-17,168.6270294189453
2021-11-18,167.21429443359375
2021-11-19,168.400634765625
2021-11-22,167.61277770996094
2021-11-23,167.5856170654297
2021-11-24,167.3592071533203
2021-11-26,162.84945678710938
2021-11-29,160.71229553222656
2021-11-30,161.05642700195312
2021-12-01,161.45484924316406
2021-12-02,165.86502075195312
2021-12-03,165.2311248779297
2021-12-06,167.15997314453125
2021-12-07,169.7408905029297
2021-12-08,165.2492218017578
2021-12-09,163.7007293701172
2021-12-10,165.1315155029297
2021-12-13,159.48976135253906
2021-12-14,163.70974731445312
2021-12-15,169.11599731445312
2021-12-16,169.65032958984375
2021-12-17,166.6619110107422
2021-12-20,164.769287109375
2021-12-21,165.55711364746094
2021-12-22,164.2349853515625
2021-12-23,166.4264678955078
2021-12-27,168.34628295898438
2021-12-28,167.3048858642578
2021-12-29,166.33590698242188
2021-12-30,166.69815063476562
2021-12-31,167.8029327392578
2022-01-03,168.69944763183594
2022-01-04,180.38136291503906
2022-01-05,178.35289001464844
2022-01-06,180.88851928710938
2022-01-07,181.5133514404297
2022-01-10,181.4318389892578
2022-01-11,182.8354949951172
2022-01-12,187.10072326660156
2022-01-13,191.41127014160156
2022-01-14,190.7954864501953
2022-01-18,187.87954711914062
2022-01-19,183.30636596679688
2022-01-20,182.44607543945312
2022-01-21,180.9066162109375
2022-01-24,179.03204345703125
2022-01-25,178.40721130371094
2022-01-26,175.8354034423828
2022-01-27,172.02291870117188
2022-01-28,174.8936004638672
2022-01-31,179.7112579345703
2022-02-01,177.88197326660156
2022-02-02,180.8070068359375
2022-02-03,180.68927001953125
2022-02-04,178.2895050048828
2022-02-07,178.615478515625
2022-02-08,181.4046630859375
2022-02-09,182.35549926757812
2022-02-10,176.05271911621094
2022-02-11,174.51327514648438
2022-02-14,171.12640380859375
2022-02-15,171.5157928466797
2022-02-16,172.33084106445312
2022-02-17,168.92587280273438
2022-02-18,171.12640380859375
2022-02-22,168.11083984375
2022-02-23,166.48080444335938
2022-02-24,165.02284240722656
2022-02-25,167.87539672851562
2022-02-28,165.6748504638672
2022-03-01,164.5519256591797
2022-03-02,162.23367309570312
2022-03-03,159.4626007080078
2022-03-04,154.6268310546875
2022-03-07,145.0458526611328
2022-03-08,141.57749938964844
2022-03-09,148.5594940185547
2022-03-10,148.9036102294922
2022-03-11,143.32525634765625
2022-03-14,145.8789825439453
2022-03-15,150.261962890625
2022-03-16,155.65919494628906
2022-03-17,155.52337646484375
2022-03-18,155.4871368408203
2022-03-21,155.5776824951172
2022-03-22,156.5013885498047
2022-03-23,159.18186950683594
2022-03-24,163.24790954589844
2022-03-25,161.58164978027344
2022-03-28,161.05642700195312
2022-03-29,167.3592071533203
2022-03-30,165.5381317138672
2022-03-31,165.1990203857422
2022-04-01,165.3090057373047
2022-04-04,167.33447265625
2022-04-05,162.82530212402344
2022-04-06,161.7804718017578
2022-04-07,159.92001342773438
2022-04-08,156.51976013183594
2022-04-11,155.47496032714844
2022-04-12,151.89144897460938
2022-04-13,154.3751678466797
2022-04-14,153.293701171875
2022-04-18,156.0523681640625
2022-04-19,157.1338348388672
2022-04-20,160.79981994628906
2022-04-21,159.16847229003906
2022-04-22,155.3741455078125
2022-04-25,157.7845458984375
2022-04-26,152.8904571533203
2022-04-27,154.008544921875
2022-04-28,158.52691650390625
2022-04-29,156.72142028808594
2022-05-02,156.43728637695312
2022-05-03,157.69290161132812
2022-05-04,160.2499542236328
2022-05-05,155.74075317382812
2022-05-06,158.82936096191406
2022-05-09,154.4026641845703
2022-05-10,152.55133056640625
2022-05-11,143.94540405273438
2022-05-12,145.30181884765625
2022-05-13,147.85885620117188
2022-05-16,145.91587829589844
2022-05-17,146.62156677246094
2022-05-18,142.49732971191406
2022-05-19,142.87310791015625
2022-05-20,145.4118194580078
2022-05-23,147.877197265625
2022-05-24,147.18980407714844
2022-05-25,147.5839080810547
2022-05-26,151.7081298828125
2022-05-27,152.89959716796875
2022-05-31,152.47801208496094
2022-06-01,154.61343383789062
2022-06-02,156.02484130859375
2022-06-03,151.0482635498047
2022-06-06,151.7539825439453
2022-06-07,152.36802673339844
2022-06-08,151.54318237304688
2022-06-09,150.77333068847656
2022-06-10,147.8313446044922
2022-06-13,142.5156707763672
2022-06-14,142.2040557861328
2022-06-15,143.66128540039062
2022-06-16,141.56251525878906
2022-06-17,141.0950927734375
2022-06-21,145.80589294433594
2022-06-22,145.85171508789062
2022-06-23,144.36700439453125
2022-06-24,145.79673767089844
2022-06-27,143.45965576171875
2022-06-28,143.99122619628906
2022-06-29,142.6714630126953
2022-06-30,141.29672241210938
2022-07-01,142.4881591796875
2022-07-05,141.7549591064453
2022-07-06,140.068603515625
2022-07-07,144.0278778076172
2022-07-08,143.6704559326172
2022-07-11,142.21322631835938
2022-07-12,142.4514923095703
2022-07-13,142.46067810058594
2022-07-14,140.35272216796875
2022-07-15,143.61546325683594
2022-07-18,143.66128540039062
2022-07-19,147.02484130859375
2022-07-20,144.71527099609375
2022-07-21,145.8883819580078
2022-07-22,146.9148712158203
2022-07-25,146.1083526611328
2022-07-26,144.8618927001953
2022-07-27,146.6857452392578
2022-07-28,146.19082641601562
2022-07-29,149.01365661621094
2022-08-01,152.84461975097656
2022-08-02,149.9943084716797
2022-08-03,149.50857543945312
2022-08-04,143.57879638671875
2022-08-05,144.17453002929688
2022-08-08,143.15719604492188
2022-08-09,140.16943359375
2022-08-10,144.70608520507812
2022-08-11,145.35682678222656
2022-08-12,147.8405303955078
2022-08-15,147.06150817871094
2022-08-16,146.1083526611328
2022-08-17,147.34561157226562
2022-08-18,145.8425750732422
2022-08-19,143.39552307128906
2022-08-22,141.4342041015625
2022-08-23,140.6643524169922
2022-08-24,141.59918212890625
2022-08-25,142.9739227294922
2022-08-26,139.0971221923828
2022-08-29,139.0971221923828
2022-08-30,137.63070678710938
2022-08-31,136.8975372314453
2022-09-01,134.5421142578125
2022-09-02,133.40567016601562
2022-09-06,131.92092895507812
2022-09-07,131.3710174560547
2022-09-08,132.09506225585938
2022-09-09,133.43316650390625
2022-09-12,132.9290771484375
2022-09-13,128.5207061767578
2022-09-14,129.65716552734375
2022-09-15,128.7223358154297
2022-09-16,128.9881591796875
2022-09-19,129.63885498046875
2022-09-20,128.9789581298828
2022-09-21,126.09199523925781
2022-09-22,127.43925476074219
2022-09-23,125.81704711914062
2022-09-26,124.29564666748047
2022-09-27,124.4056396484375
2022-09-28,125.45960998535156
2022-09-29,124.18948364257812
2022-09-30,120.96775817871094
2022-10-03,125.88854217529297
2022-10-04,129.84375
2022-10-05,128.2096710205078
2022-10-06,126.42705535888672
2022-10-07,126.12995910644531
2022-10-10,125.21077728271484
2022-10-11,125.39646911621094
2022-10-12,125.34076690673828
2022-10-13,126.62203216552734
2022-10-14,124.51444244384766
2022-10-17,126.41776275634766
2022-10-18,124.6536865234375
2022-10-19,123.45602416992188
2022-10-20,123.70670318603516
2022-10-21,124.18948364257812
2022-10-24,125.09937286376953
2022-10-25,127.26266479492188
2022-10-26,128.0611114501953
2022-10-27,126.7055892944336
2022-10-28,129.537353515625
2022-10-31,128.878173828125
2022-11-01,125.48931121826172
2022-11-02,125.7028579711914
2022-11-03,125.57288360595703
2022-11-04,127.52262878417969
2022-11-07,127.43905639648438
2022-11-08,127.6618881225586
2022-11-09,124.90438842773438
2022-11-10,130.46580505371094
2022-11-11,133.00973510742188
2022-11-14,131.95132446289062
2022-11-15,133.46470642089844
2022-11-16,131.95132446289062
2022-11-17,132.703369140625
2022-11-18,132.94476318359375
2022-11-21,131.9884796142578
2022-11-22,134.93165588378906
2022-11-23,136.21292114257812
2022-11-25,137.6613006591797
2022-11-28,136.02720642089844
2022-11-29,134.99664306640625
2022-11-30,137.122802734375
2022-12-01,137.09494018554688
2022-12-02,136.04580688476562
2022-12-05,132.94476318359375
2022-12-06,130.99502563476562
2022-12-07,131.70993041992188
2022-12-08,132.0998992919922
2022-12-09,133.0840301513672
2022-12-12,133.80824279785156
2022-12-13,134.16102600097656
2022-12-14,134.30029296875
2022-12-15,131.5242462158203
2022-12-16,130.3822479248047
2022-12-19,129.62091064453125
2022-12-20,128.896728515625
2022-12-21,127.62474822998047
2022-12-22,127.1976547241211
2022-12-23,127.32765197753906
2022-12-27,126.41776275634766
2022-12-28,124.53301239013672
2022-12-29,127.57833099365234
2022-12-30,126.80770874023438
2023-01-03,128.38607788085938
2023-01-04,127.37406921386719
2023-01-05,125.82357025146484
2023-01-06,129.02670288085938
2023-01-09,129.92730712890625
2023-01-10,129.1845703125
2023-01-11,128.91529846191406
2023-01-12,132.17416381835938
2023-01-13,130.2615509033203
2023-01-17,134.41172790527344
2023-01-18,135.09878540039062
2023-01-19,133.8639373779297
2023-01-20,135.6558380126953
2023-01-23,135.58155822753906
2023-01-24,135.56298828125
2023-01-25,135.69296264648438
2023-01-26,135.06163024902344
2023-01-27,136.63072204589844
2023-01-30,134.79238891601562
2023-01-31,136.5843048095703
2023-02-01,137.94912719726562
2023-02-02,136.1293487548828
2023-02-03,134.35601806640625
2023-02-06,133.50184631347656
2023-02-07,134.29103088378906
2023-02-08,133.53897094726562
2023-02-09,134.46742248535156
2023-02-10,133.15830993652344
2023-02-13,133.56683349609375
2023-02-14,132.44338989257812
2023-02-15,130.8836212158203
2023-02-16,132.4898223876953
2023-02-17,132.62908935546875
2023-02-21,129.22169494628906
2023-02-22,128.72959899902344
2023-02-23,129.0081329345703
2023-02-24,126.31564331054688
2023-02-27,126.50132751464844
2023-02-28,126.19493865966797
2023-03-01,126.76129150390625
2023-03-02,127.44834899902344
2023-03-03,129.82518005371094
2023-03-06,130.1037139892578
2023-03-07,129.12884521484375
2023-03-08,129.71377563476562
2023-03-09,128.60890197753906
2023-03-10,128.09825134277344
2023-03-13,127.30908966064453
2023-03-14,126.89127349853516
2023-03-15,124.02236938476562
2023-03-16,126.17634582519531
2023-03-17,123.92951202392578
2023-03-20,125.4614486694336
2023-03-21,126.06494903564453
2023-03-22,125.86998748779297
2023-03-23,126.14851379394531
2023-03-24,126.87269592285156
2023-03-27,127.16053009033203
2023-03-28,128.0611114501953
2023-03-29,129.67660522460938
2023-03-30,131.9889373779297
2023-03-31,133.94581604003906
2023-04-03,134.56028747558594
2023-04-04,134.37120056152344
2023-04-05,132.74520874023438
2023-04-06,131.2799530029297
2023-04-10,130.4669189453125
2023-04-11,130.06988525390625
2023-04-12,128.9827423095703
2023-04-13,129.7295684814453
2023-04-14,128.52899169921875
2023-04-17,130.2211456298828
2023-04-18,129.54995727539062
2023-04-19,127.86721801757812
2023-04-20,126.48703002929688
2023-04-21,127.30947875976562
2023-04-24,127.47019958496094
2023-04-25,126.212890625
2023-04-26,126.69502258300781
2023-04-27,130.0037078857422
2023-04-28,129.82411193847656
2023-05-01,129.21908569335938
2023-05-02,127.772705078125
2023-05-03,128.16030883789062
2023-05-04,127.536376953125
2023-05-05,130.0226287841797
2023-05-08,130.2778778076172
2023-05-09,133.15171813964844
2023-05-10,135.74195861816406
2023-05-11,134.8722381591797
2023-05-12,135.439453125
2023-05-15,134.6169891357422
2023-05-16,133.41641235351562
2023-05-17,134.25778198242188
2023-05-18,134.7209930419922
2023-05-19,134.44683837890625
2023-05-22,133.47314453125
2023-05-23,131.9227752685547
2023-05-24,131.71478271484375
2023-05-25,131.9700469970703
2023-05-26,132.4237823486328
2023-05-30,130.2022247314453
2023-05-31,128.68968200683594
2023-06-01,132.962646484375
2023-06-02,138.02024841308594
2023-06-05,137.76498413085938
2023-06-06,140.36468505859375
2023-06-07,137.36793518066406
2023-06-08,138.83323669433594
2023-06-09,140.51596069335938
2023-06-12,141.4140167236328
2023-06-13,149.4399871826172
2023-06-14,156.52061462402344
2023-06-15,158.9879608154297
2023-06-16,155.36729431152344
2023-06-20,148.56082153320312
2023-06-21,147.9463348388672
2023-06-22,148.52301025390625
2023-06-23,144.99688720703125
2023-06-26,146.10293579101562
2023-06-27,148.5891876220703
2023-06-28,151.35903930664062
2023-06-29,151.63319396972656
2023-06-30,151.9640655517578
2023-07-03,151.69935607910156
2023-07-05,153.0512237548828
2023-07-06,152.03968811035156
2023-07-07,152.92832946777344
2023-07-10,151.48194885253906
2023-07-11,149.76141357421875
2023-07-12,150.56495666503906
2023-07-13,151.5859375
2023-07-14,150.45150756835938
2023-07-17,150.735107421875
2023-07-18,154.2707061767578
2023-07-19,155.00807189941406
2023-07-20,154.3557891845703
2023-07-21,153.91146850585938
2023-07-24,155.53744506835938
2023-07-25,156.51116943359375
2023-07-26,156.6435089111328
2023-07-27,156.38827514648438
2023-07-28,158.01426696777344
2023-07-31,159.04469299316406
2023-08-01,162.4479217529297
2023-08-02,164.34808349609375
2023-08-03,159.35665893554688
2023-08-04,161.45530700683594
2023-08-07,163.91319274902344
2023-08-08,160.98263549804688
2023-08-09,158.0898895263672
2023-08-10,158.49639892578125
2023-08-11,158.1371612548828
2023-08-14,157.5888671875
2023-08-15,156.35044860839844
2023-08-16,153.37261962890625
2023-08-17,153.41043090820312
2023-08-18,153.02284240722656
2023-08-21,153.89254760742188
2023-08-22,155.97232055664062
2023-08-23,156.842041015625
2023-08-24,153.8831024169922
2023-08-25,155.4713134765625
2023-08-28,158.10879516601562
2023-08-29,158.24114990234375
2023-08-30,158.86508178710938
2023-08-31,162.7220916748047
2023-09-01,163.1096649169922
2023-09-05,165.78497314453125
2023-09-06,169.05587768554688
2023-09-07,169.09368896484375
2023-09-08,167.4488067626953
2023-09-11,168.90463256835938
2023-09-12,171.37197875976562
2023-09-13,173.92440795898438
2023-09-14,177.70578002929688
2023-09-15,178.85910034179688
2023-09-18,178.63221740722656
2023-09-19,184.37991333007812
2023-09-20,178.43368530273438
2023-09-21,176.1175994873047
2023-09-22,176.8739013671875
2023-09-25,174.73739624023438
2023-09-26,170.6345977783203
2023-09-27,172.42132568359375
2023-09-28,174.36453247070312
2023-09-29,171.8124237060547
2023-10-02,170.5794219970703
2023-10-03,165.98179626464844
2023-10-04,161.96726989746094
2023-10-05,165.39874267578125
2023-10-06,165.53256225585938
2023-10-09,166.43104553222656
2023-10-10,169.32723999023438
2023-10-11,170.16839599609375
2023-10-12,173.58074951171875
2023-10-13,169.83384704589844
2023-10-16,171.191162109375
2023-10-17,170.35000610351562
2023-10-18,168.2089080810547
2023-10-19,166.98544311523438
2023-10-20,165.81930541992188
2023-10-23,166.13473510742188
2023-10-24,166.43104553222656
2023-10-25,167.44424438476562
2023-10-26,164.03189086914062
2023-10-27,165.17889404296875
2023-10-30,163.83116149902344
2023-10-31,167.44424438476562
2023-11-01,177.57615661621094
2023-11-02,178.31216430664062
2023-11-03,181.21791076660156
2023-11-06,181.27525329589844
2023-11-07,181.19882202148438
2023-11-08,175.32037353515625
2023-11-09,176.08505249023438
2023-11-10,178.74229431152344
2023-11-13,179.4496307373047
2023-11-14,183.5979766845703
2023-11-15,180.7591094970703
2023-11-16,181.99212646484375
2023-11-17,184.82144165039062
2023-11-20,179.3922576904297
2023-11-21,175.1196746826172
2023-11-22,176.0946044921875
2023-11-24,179.98487854003906
2023-11-27,178.3695068359375
2023-11-28,178.8952178955078
2023-11-29,181.14144897460938
2023-11-30,181.39952087402344
2023-12-01,184.22882080078125
2023-12-04,179.095947265625
2023-12-05,179.68856811523438
2023-12-06,181.50466918945312
2023-12-07,181.83921813964844
2023-12-08,179.0099334716797
2023-12-11,178.81875610351562
2023-12-12,176.6394500732422
2023-12-13,177.28939819335938
2023-12-14,175.32037353515625
2023-12-15,172.64401245117188
2023-12-18,175.18655395507812
2023-12-19,175.82696533203125
2023-12-20,171.99404907226562
2023-12-21,172.87342834472656
2023-12-22,170.6463165283203
2023-12-26,171.9080352783203
2023-12-27,172.73960876464844
2023-12-28,173.1123809814453
2023-12-29,175.2821502685547
2024-01-02,173.36090087890625
2024-01-03,173.532958984375
2024-01-04,174.8902587890625
2024-01-05,178.8092041015625
2024-01-08,179.59298706054688
2024-01-09,177.7769012451172
2024-01-10,184.209716796875
2024-01-11,186.3412322998047
2024-01-12,187.0389862060547
2024-01-16,186.9625244140625
2024-01-17,185.56700134277344
2024-01-18,191.2447052001953
2024-01-19,191.8086395263672
2024-01-22,192.52549743652344
2024-01-23,192.5063934326172
2024-01-24,191.8564453125
2024-01-25,190.74765014648438
2024-01-26,189.3138885498047
2024-01-29,192.75491333007812
2024-01-30,192.93653869628906
2024-01-31,190.88145446777344
2024-02-01,193.251953125
2024-02-02,193.59605407714844
2024-02-05,194.06442260742188
2024-02-06,209.1953887939453
2024-02-07,213.2003631591797
2024-02-08,216.31640625
2024-02-09,214.548095703125
2024-02-12,215.8862762451172
2024-02-13,220.79928588867188
2024-02-14,217.00460815429688
2024-02-15,218.4479217529297
2024-02-16,217.32003784179688
2024-02-20,216.756103515625
2024-02-21,217.06195068359375
2024-02-22,224.09693908691406
2024-02-23,224.62266540527344
2024-02-26,227.61444091796875
2024-02-27,227.5283966064453
2024-02-28,226.81153869628906
2024-02-29,229.9275665283203
2024-03-01,235.1751251220703
2024-03-04,233.07229614257812
2024-03-05,237.23020935058594
2024-03-06,241.25428771972656
2024-03-07,236.99124145507812
2024-03-08,232.09735107421875
2024-03-11,225.06236267089844
2024-03-12,227.4423828125
2024-03-13,222.54849243164062
2024-03-14,220.77061462402344
2024-03-15,224.2594451904297
2024-03-18,228.1210479736328
2024-03-19,233.53109741210938
2024-03-20,235.82513427734375
2024-03-21,240.37490844726562
2024-03-22,243.51963806152344
2024-03-25,241.26385498046875
2024-03-26,242.51600646972656
2024-03-27,243.76406860351562
2024-03-28,243.3096923828125
2024-04-01,234.09664916992188
2024-04-02,231.91180419921875
2024-04-03,233.73895263671875
2024-04-04,231.20608520507812
2024-04-05,232.73353576660156
2024-04-08,236.088134765625
2024-04-09,238.71766662597656
2024-04-10,236.64883422851562
2024-04-11,238.7756805419922
2024-04-12,234.88937377929688
2024-04-15,233.63259887695312
2024-04-16,228.6538848876953
2024-04-17,226.18869018554688
2024-04-18,224.1295166015625
2024-04-19,221.11329650878906
2024-04-22,222.6407470703125
2024-04-23,222.74710083007812
2024-04-24,225.13494873046875
2024-04-25,217.8650360107422
2024-04-26,219.17015075683594
2024-04-29,220.35923767089844
2024-04-30,219.75018310546875
2024-05-01,219.28616333007812
2024-05-02,223.12411499023438
2024-05-03,225.12527465820312
2024-05-06,227.76449584960938
2024-05-07,223.56881713867188
2024-05-08,224.07151794433594
2024-05-09,219.68251037597656
2024-05-10,211.5038604736328
2024-05-13,208.4683074951172
2024-05-14,209.89907836914062
2024-05-15,212.24826049804688
2024-05-16,208.45863342285156
2024-05-17,212.45127868652344
2024-05-20,213.1666717529297
2024-05-21,212.06459045410156
2024-05-22,209.42538452148438
2024-05-23,207.5789031982422
2024-05-24,209.62838745117188
2024-05-28,211.44586181640625
2024-05-29,206.83450317382812
2024-05-30,207.0471954345703
2024-05-31,210.27610778808594
2024-06-03,205.11370849609375
2024-06-04,203.38323974609375
2024-06-05,201.40142822265625
2024-06-06,203.05453491210938
2024-06-07,199.4969482421875
2024-06-10,201.1017303466797
2024-06-11,198.4818572998047
2024-06-12,198.810546875
2024-06-13,192.72007751464844
2024-06-14,190.57391357421875
2024-06-17,188.7080841064453
2024-06-18,187.68333435058594
2024-06-20,188.0700225830078
2024-06-21,187.14198303222656
2024-06-24,192.3623809814453
2024-06-25,199.36158752441406
2024-06-26,196.42269897460938
2024-06-27,197.09942626953125
2024-06-28,198.15316772460938
2024-07-01,196.93507385253906
2024-07-02,199.35194396972656
2024-07-03,199.39059448242188
2024-07-05,199.5839385986328
2024-07-08,198.12417602539062
2024-07-09,194.96292114257812
2024-07-10,199.03289794921875
2024-07-11,196.95440673828125
2024-07-12,200.68603515625
2024-07-15,200.02865600585938
2024-07-16,199.7289581298828
2024-07-17,197.5924530029297
2024-07-18,193.20346069335938
2024-07-19,190.59323120117188
2024-07-22,193.48379516601562
2024-07-23,194.11216735839844
2024-07-24,190.64157104492188
2024-07-25,188.7564239501953
2024-07-26,186.1172332763672
2024-07-29,186.07855224609375
2024-07-30,186.68760681152344
2024-07-31,187.11297607421875
2024-08-01,173.1145477294922
2024-08-02,167.2657470703125
2024-08-05,162.75106811523438
2024-08-06,163.95948791503906
2024-08-07,161.61997985839844
2024-08-08,163.7371368408203
2024-08-09,162.9830780029297
2024-08-12,162.38369750976562
2024-08-13,166.65670776367188
2024-08-14,171.123046875
2024-08-15,175.7440643310547
2024-08-16,176.59481811523438
2024-08-19,177.59056091308594
2024-08-20,175.3090362548828
2024-08-21,177.51321411132812
2024-08-22,175.46372985839844
2024-08-23,178.934326171875
2024-08-26,174.56466674804688
2024-08-27,179.57237243652344
2024-08-28,181.42852783203125
2024-08-29,181.52520751953125
2024-08-30,183.48768615722656
2024-09-03,179.9590606689453
2024-09-04,178.5669708251953
2024-09-05,176.72048950195312
2024-09-06,171.2873992919922
2024-09-09,170.22398376464844
2024-09-10,168.3871612548828
2024-09-11,168.8802032470703
2024-09-12,170.32064819335938
2024-09-13,169.5569305419922
2024-09-16,170.3689727783203
2024-09-17,167.39141845703125
2024-09-18,170.83303833007812
2024-09-19,177.3682098388672
2024-09-20,177.94825744628906
2024-09-23,179.23402404785156
2024-09-24,177.42620849609375
2024-09-25,178.03526306152344
2024-09-26,183.06231689453125
2024-09-27,176.7398223876953
2024-09-30,175.12266540527344
2024-10-01,174.62249755859375
2024-10-02,177.01539611816406
2024-10-03,172.76898193359375
2024-10-04,176.54466247558594
2024-10-07,173.89678955078125
2024-10-08,172.3668975830078
2024-10-09,170.63107299804688
2024-10-10,170.984130859375
2024-10-11,170.69972229003906
2024-10-14,171.7196502685547
2024-10-15,166.27679443359375
2024-10-16,168.18914794921875
2024-10-17,167.89492797851562
2024-10-18,168.21856689453125
2024-10-21,165.9041290283203
2024-10-22,166.64944458007812
2024-10-23,168.02243041992188
2024-10-24,167.13978576660156
2024-10-25,168.6794891357422
2024-10-28,173.22010803222656
2024-10-29,172.63168334960938
2024-10-30,171.82752990722656
2024-10-31,169.6798095703125
2024-11-01,169.49346923828125
2024-11-04,169.365966796875
2024-11-05,171.35678100585938
2024-11-06,171.7686767578125
2024-11-07,175.00497436523438
2024-11-08,168.7089080810547
2024-11-11,170.73895263671875
2024-11-12,171.6117706298828
2024-11-13,169.02273559570312
2024-11-14,170.13092041015625
2024-11-15,169.50326538085938
2024-11-18,171.40582275390625
2024-11-19,172.00404357910156
2024-11-20,169.57192993164062
2024-11-21,170.03285217285156
2024-11-22,171.0331573486328
2024-11-25,172.435546875
2024-11-26,169.189453125
2024-11-27,166.44351196289062
2024-11-29,167.3359375
2024-12-02,172.4159393310547
2024-12-03,172.60226440429688
2024-12-04,171.40582275390625
2024-12-05,171.0331573486328
2024-12-06,172.55323791503906
2024-12-09,173.59275817871094
2024-12-10,172.31787109375
2024-12-11,174.71075439453125
2024-12-12,173.48489379882812
2024-12-13,172.4649658203125
2024-12-16,170.88604736328125
2024-12-17,169.93478393554688
2024-12-18,170.26820373535156
2024-12-19,170.84683227539062
2024-12-20,174.73037719726562
2024-12-23,176.9663543701172
2024-12-24,177.92742919921875
2024-12-26,193.54991149902344
2024-12-27,195.668212890625
2024-12-30,191.8827362060547
2024-12-31,190.85299682617188
2025-01-02,189.39175415039062
2025-01-03,191.4806365966797
2025-01-06,186.71446228027344
2025-01-07,189.39175415039062
2025-01-08,188.832763671875
2025-01-10,179.9280548095703
2025-01-13,179.71231079101562
2025-01-14,181.8306121826172
2025-01-15,181.2716064453125
2025-01-16,177.97647094726562
2025-01-17,177.2899932861328
2025-01-21,183.32125854492188
2025-01-22,182.91917419433594
2025-01-23,182.67401123046875
2025-01-24,183.0074462890625
2025-01-27,182.89956665039062
2025-01-28,181.71292114257812
2025-01-29,183.37030029296875
2025-01-30,187.28326416015625
2025-01-31,185.2826385498047
2025-02-03,180.10458374023438
2025-02-04,183.93910217285156
2025-02-05,191.57872009277344
2025-02-06,186.8223419189453
2025-02-07,180.42820739746094
2025-02-10,181.48736572265625
2025-02-11,182.15423583984375
2025-02-12,179.16311645507812
2025-02-13,180.45762634277344
2025-02-14,180.68319702148438
2025-02-18,180.5164794921875
2025-02-19,176.6231231689453
2025-02-20,177.19190979003906
2025-02-21,173.6908416748047
2025-02-24,173.21029663085938
2025-02-25,175.9954833984375
2025-02-26,177.71170043945312
2025-02-27,178.7610321044922
2025-02-28,177.97647094726562
2025-03-03,180.2418670654297
2025-03-04,177.1723175048828
2025-03-05,188.63662719726562
2025-03-06,183.8900604248047
2025-03-07,186.50851440429688
2025-03-10,184.71385192871094
2025-03-11,180.96759033203125
2025-03-12,182.0659637451172
2025-03-13,179.43771362304688
2025-03-14,183.0662841796875
2025-03-17,184.77268981933594
2025-03-18,186.52813720703125
2025-03-19,189.411376953125
2025-03-20,188.46009826660156
2025-03-21,187.0184783935547
2025-03-24,188.7543182373047
2025-03-25,189.28387451171875
2025-03-26,185.6259002685547
2025-03-27,180.42820739746094
2025-03-28,175.61300659179688
2025-03-31,176.52999877929688
2025-04-01,174.4199981689453
2025-04-02,177.30999755859375
2025-04-03,168.07000732421875
2025-04-04,158.6300048828125
2025-04-07,160.33999633789062
2025-04-08,159.32000732421875
2025-04-09,174.13999938964844
2025-04-10,167.22000122070312
2025-04-11,169.4199981689453
2025-04-14,172.0
2025-04-15,174.24000549316406
2025-04-16,175.10000610351562
2025-04-17,176.3800048828125
2025-04-21,174.52000427246094
2025-04-22,178.6999969482422
2025-04-23,181.42999267578125
2025-04-24,186.61000061035156
2025-04-25,188.2100067138672
2025-04-28,193.1300048828125
2025-04-29,195.38999938964844
2025-04-30,191.22000122070312
2025-05-01,190.5800018310547
2025-05-02,192.24000549316406
2025-05-05,192.47999572753906
2025-05-06,192.42999267578125
2025-05-07,188.89999389648438
2025-05-08,187.9199981689453
2025-05-09,187.52999877929688
2025-05-12,192.32000732421875
2025-05-13,193.97000122070312
2025-05-14,187.0
2025-05-15,183.4499969482422
2025-05-16,183.19000244140625
2025-05-19,185.32000732421875
2025-05-20,186.36000061035156
2025-05-21,184.47000122070312
2025-05-22,182.82000732421875
2025-05-23,182.3000030517578
2025-05-27,186.67999267578125
2025-05-28,182.8800048828125
2025-05-29,186.11000061035156
2025-05-30,190.57000732421875
2025-06-02,189.13999938964844
2025-06-03,191.39999389648438
2025-06-04,187.9600067138672
2025-06-05,184.39999389648438
2025-06-06,185.13999938964844
2025-06-09,183.94000244140625
2025-06-10,185.25
2025-06-11,182.61000061035156
2025-06-12,181.99000549316406
2025-06-13,178.75
2025-06-16,177.6699981689453
2025-06-17,173.9499969482422
2025-06-18,175.58999633789062
2025-06-20,172.39999389648438
2025-06-23,170.8800048828125
2025-06-24,171.5800018310547
2025-06-25,169.14999389648438
2025-06-26,170.6300048828125
2025-06-27,175.74000549316406
2025-06-30,172.25999450683594
2025-07-01,171.5399932861328
2025-07-02,172.00999450683594
2025-07-03,174.88999938964844
2025-07-07,167.86000061035156
2025-07-08,170.1999969482422
2025-07-09,170.5399932861328
2025-07-10,170.38999938964844
2025-07-11,170.25999450683594
2025-07-14,172.13999938964844
2025-07-15,170.02000427246094
2025-07-16,169.8800048828125
2025-07-17,170.47999572753906
2025-07-18,168.64999389648438
2025-07-21,170.02999877929688
2025-07-22,169.99000549316406
2025-07-23,193.17999267578125
2025-07-24,191.66000366210938
2025-07-25,188.49000549316406
2025-07-28,187.17999267578125
2025-07-29,184.27000427246094
2025-07-30,182.75
2025-07-31,178.97000122070312
2025-08-01,179.69000244140625
2025-08-04,182.30999755859375
2025-08-05,181.5
2025-08-06,183.99000549316406
2025-08-07,181.49000549316406
2025-08-08,188.63999938964844
2025-08-11,189.1300048828125
2025-08-12,193.97000122070312
2025-08-13,194.39999389648438
2025-08-14,192.47999572753906
2025-08-15,193.66000366210938
2025-08-18,197.8300018310547
2025-08-19,198.60000610351562
2025-08-20,199.19000244140625
2025-08-21,197.27000427246094
2025-08-22,201.3699951171875
2025-08-25,198.3699951171875
2025-08-26,197.35000610351562
2025-08-27,196.74000549316406
2025-08-28,198.25
2025-08-29,194.57000732421875
2025-09-02,193.57000732421875
2025-09-03,193.00999450683594
2025-09-04,197.63999938964844
2025-09-05,199.6199951171875
2025-09-08,202.7899932861328
2025-09-09,200.8000030517578
2025-09-10,197.3800048828125
2025-09-11,197.6300048828125
2025-09-12,196.1300048828125
2025-09-15,197.27999877929688
2025-09-16,198.77999877929688
2025-09-17,201.3800048828125
2025-09-18,200.47000122070312
2025-09-19,198.9499969482422
2025-09-22,200.67999267578125
2025-09-23,200.66000366210938
2025-09-24,198.08999633789062
2025-09-25,197.27999877929688
2025-09-26,198.10000610351562
2025-09-29,196.44000244140625
